"name","age"
"John",25
"Jane",24
"Jack",26
"Jill",23
"Alex",27
"Emily",22
"Mike",29
"Sarah",28
"David",30
"Lily",21
"Mark",31
"Olivia",20
"Ben",32
"Ava",19
"Chris",33
"Emily",22
"Mike",29
"Sarah",28
"David",30
"Lily",21
"Mark",31
"Olivia",20
"Ben",32
"Emma",18
"Daniel",34
"Emily",22
"Mike",29
"Sarah",28
"David",30
"NewPerson1",35
"NewPerson2",36
"NewPerson3",37
"NewPerson8",42
"NewPerson9",43
"NewPerson4",38
"NewPerson5",39
"NewPerson6",40
"NewPerson3",37
"NewPerson8",42
"NewPerson9",43
"NewPerson15",49
"NewPerson13",47
"NewPerson22",56
"NewPerson23",57
"NewPerson24",58
"NewPerson16",50
"NewPerson17",51
"NewPerson18",52
"NewPerson19",53
"NewPerson14",48
"NewPerson20",54
"NewPerson21",55
"NewPerson10",44
"NewPerson11",45
"NewPerson12",46
"NewPerson25",59
"NewPerson7",41
"NewPerson21",55
"NewPerson10",44
"NewPerson11",45
"NewPerson12",46
"NewPerson25",59
"NewPerson7",41
"Mike",29
"Sarah",28
"David",30
"Lily",21
"Mark",31
"Olivia",20
"Ben",32
"Ava",19
"Chris",33
"Emily",22
"Mike",29
"Sarah",28
"David",30
"Lily",21
"Mark",31
"Olivia",20
"Ben",32
"Emma",18
"Daniel",34
"Emily",22
"Mike",29
"Sarah",28
"David",30
"NewPerson1",35
"NewPerson2",36
"NewPerson3",37
"NewPerson8",42
"NewPerson9",43